{
  "quality_score": {
    "accuracy": 0.973,
    "precision": 0.8322981366459627,
    "recall": 1.0,
    "f1_score": 0.9084745762711864,
    "auc_roc": 0.9866860845886043,
    "threshold": 0.9716567741378903
  },
  "stability_score": {
    "accuracy": 0.869,
    "precision": 0.5208333333333334,
    "recall": 0.37037037037037035,
    "f1_score": 0.4329004329004329,
    "auc_roc": 0.45235709698137444,
    "threshold": -4.437965893486343,
    "flipped": true,
    "auc_probe": 0.5476429030186256
  },
  "combined_model": {
    "accuracy": 0.959,
    "precision": 0.9119170984455959,
    "recall": 0.88,
    "f1_score": 0.8956743002544529,
    "auc_roc": 0.94778125,
    "combine_strategy": "two_stage"
  },
  "optimize_thresholds": "f1"
}