{
  "phase": "Phase 2: SimilarityEvaluator 测试",
  "status": "COMPLETED",
  "test_results": {
    "baseline_test": {
      "identical_spectrum_score": 100.0,
      "passed": true
    },
    "noise_test": {
      "noise_levels_tested": [
        0.05,
        0.1,
        0.2,
        0.5
      ],
      "results": [
        {
          "noise_level": 0.05,
          "quality_score": 96.16358398381728,
          "pearson": 0.9994558932015536,
          "rmse": 0.05785330854303282
        },
        {
          "noise_level": 0.1,
          "quality_score": 93.70854805407811,
          "pearson": 0.9984700769266882,
          "rmse": 0.0983580082802781
        },
        {
          "noise_level": 0.2,
          "quality_score": 88.53497472041765,
          "pearson": 0.9938431560357207,
          "rmse": 0.19398245030730704
        },
        {
          "noise_level": 0.5,
          "quality_score": 77.89660259070371,
          "pearson": 0.9673062652418017,
          "rmse": 0.44666930252284776
        }
      ]
    },
    "weight_analysis": {
      "weight_stats": {
        "min": 1.0,
        "max": 4.5,
        "mean": 2.9814814814814814,
        "std": 1.4303682605427792
      },
      "weight_distribution": {
        "基础权重(1.0)": 24,
        "DVP增强权重(4.5)": 31,
        "范围权重(3.0)": 26
      }
    },
    "quality_thresholds": {
      "excellent": 95.0,
      "good": 90.0,
      "acceptable": 85.0,
      "poor": 80.0
    },
    "batch_evaluation": {
      "total_spectra": 10,
      "average_score": 87.32784380555094,
      "score_std": 8.266739276424863,
      "quality_distribution": {
        "excellent": 3,
        "good": 3,
        "acceptable": 7,
        "poor": 3
      }
    }
  },
  "next_steps": [
    "Phase 3: 加权自编码器模型开发",
    "Phase 4: 模型训练脚本开发"
  ]
}