{
  "auc_roc": 0.9732142857142857,
  "f1": 0.9538461538461539,
  "precision": 0.9393939393939394,
  "recall": 0.96875,
  "n_train": 184,
  "n_test": 46
}