{
  "quality_score": {
    "accuracy": 0.973,
    "precision": 0.8322981366459627,
    "recall": 1.0,
    "f1_score": 0.9084745762711864,
    "auc_roc": 0.9866860845886043,
    "threshold": 0.9716567741378903
  },
  "stability_score": {
    "accuracy": 0.871,
    "precision": 0.532608695652174,
    "recall": 0.362962962962963,
    "f1_score": 0.43171806167400884,
    "auc_roc": 0.45217726396917146,
    "threshold": -4.830419594712859,
    "flipped": true,
    "auc_probe": 0.5478227360308284
  },
  "combined_model": {
    "accuracy": 0.962,
    "precision": 0.9263157894736842,
    "recall": 0.88,
    "f1_score": 0.9025641025641026,
    "auc_roc": 0.9477500000000001,
    "combine_strategy": "two_stage"
  },
  "optimize_thresholds": "f1"
}