{
  "quality_only@0.80": {
    "precision": 0.6837209302325581,
    "recall": 1.0,
    "f1": 0.8121546961325967,
    "accuracy": 0.6837209302325581,
    "threshold": 0.8
  },
  "quality_only_best": {
    "precision": 0.6837209302325581,
    "recall": 1.0,
    "f1": 0.8121546961325967,
    "accuracy": 0.6837209302325581,
    "threshold": 0.798145594842826
  },
  "stability_only_best": {
    "precision": 0.9310344827586207,
    "recall": 0.9183673469387755,
    "f1": 0.9246575342465754,
    "accuracy": 0.8976744186046511,
    "threshold": 18.375781573244208
  },
  "residual_only@0.5": {
    "precision": 0.9019607843137255,
    "recall": 0.9387755102040817,
    "f1": 0.92,
    "accuracy": 0.8883720930232558,
    "threshold": 0.5
  },
  "residual_only_best": {
    "precision": 0.8924050632911392,
    "recall": 0.9591836734693877,
    "f1": 0.9245901639344263,
    "accuracy": 0.8930232558139535,
    "threshold": 0.3950699897133056
  },
  "quality_or_residual": {
    "precision": 0.8867924528301887,
    "recall": 0.9591836734693877,
    "f1": 0.9215686274509803,
    "accuracy": 0.8883720930232558,
    "quality_threshold": 0.7620952905045825,
    "residual_threshold": 0.3970340490887498
  },
  "logistic_cv": {
    "precision": 0.9201194743130227,
    "recall": 0.9183908045977012,
    "f1": 0.9183883437407075,
    "accuracy": 0.8883720930232558,
    "auc": 0.9227889352027283
  }
}