{
  "quality": {
    "f1": 0.8235294117647058,
    "precision": 0.7030567685589519,
    "recall": 0.9938271604938271,
    "accuracy": 0.7,
    "threshold": -0.798145594842826,
    "preds": null,
    "auc": 0.09404502541757441
  },
  "stability": {
    "f1": 0.9316770186335404,
    "precision": 0.9375,
    "recall": 0.9259259259259259,
    "accuracy": 0.9043478260869565,
    "threshold": 18.338838456462927,
    "preds": null,
    "auc": 0.9186637618010167
  },
  "residual": {
    "f1": 0.9321533923303835,
    "precision": 0.8926553672316384,
    "recall": 0.9753086419753086,
    "accuracy": 0.9,
    "threshold": 0.31913840679813954,
    "preds": null,
    "auc": 0.9323710965867829
  },
  "quality_first_residual": {
    "f1": 0.826530612244898,
    "precision": 0.7043478260869566,
    "recall": 1.0,
    "accuracy": 0.7043478260869566
  },
  "weighted_fusion_best": {
    "weights": {
      "quality": 0.4,
      "stability": 0.1,
      "residual": 0.5
    },
    "threshold": 0.48008015157809936,
    "f1": 0.9096045197740112,
    "precision": 0.8385416666666666,
    "recall": 0.9938271604938271,
    "accuracy": 0.8608695652173913
  }
}