{
  "auc_roc": 0.9014778325123153,
  "f1": 0.9333333333333333,
  "precision": 0.9032258064516129,
  "recall": 0.9655172413793104,
  "n_train": 172,
  "n_test": 43
}