{
  "quality_score": {
    "accuracy": 0.973,
    "precision": 0.8322981366459627,
    "recall": 1.0,
    "f1_score": 0.9084745762711864,
    "auc_roc": 0.9866860845886043,
    "threshold": 0.9716567741378903
  },
  "stability_score": {
    "accuracy": 0.881,
    "precision": 0.6025641025641025,
    "recall": 0.34814814814814815,
    "f1_score": 0.4413145539906103,
    "auc_roc": 0.45058445728965957,
    "threshold": -7.052190824829376,
    "flipped": true,
    "auc_probe": 0.5494155427103404
  },
  "combined_model": {
    "accuracy": 0.972,
    "precision": 0.9777777777777777,
    "recall": 0.88,
    "f1_score": 0.9263157894736842,
    "auc_roc": 0.94780625,
    "combine_strategy": "two_stage"
  },
  "optimize_thresholds": "f1"
}