{
  "auc_roc": 0.9729064039408867,
  "f1": 0.9491525423728814,
  "precision": 0.9333333333333333,
  "recall": 0.9655172413793104,
  "n_train": 172,
  "n_test": 43
}