{
  "coating_name": "DVP",
  "version": "v1.0",
  "input_dim": 81,
  "encoder_dims": [
    48,
    16,
    4
  ],
  "decoder_dims": [
    16,
    48,
    81
  ],
  "latent_dim": 4,
  "threshold": 2.588771217303563,
  "training_date": "2025-10-30T19:05:52.911822",
  "training_samples": 80,
  "validation_samples": 20,
  "weights_used": [
    0.33540372670807456,
    0.33540372670807456,
    0.33540372670807456,
    0.33540372670807456,
    1.5093167701863355,
    1.5093167701863355,
    1.5093167701863355,
    1.5093167701863355,
    1.5093167701863355,
    1.5093167701863355,
    1.5093167701863355,
    1.5093167701863355,
    1.5093167701863355,
    1.5093167701863355,
    1.5093167701863355,
    1.5093167701863355,
    1.5093167701863355,
    1.5093167701863355,
    1.5093167701863355,
    1.5093167701863355,
    1.5093167701863355,
    1.5093167701863355,
    1.5093167701863355,
    1.5093167701863355,
    1.5093167701863355,
    1.5093167701863355,
    1.5093167701863355,
    1.5093167701863355,
    1.5093167701863355,
    1.5093167701863355,
    1.5093167701863355,
    1.5093167701863355,
    1.5093167701863355,
    1.5093167701863355,
    1.5093167701863355,
    1.0062111801242237,
    1.0062111801242237,
    1.0062111801242237,
    1.0062111801242237,
    1.0062111801242237,
    1.0062111801242237,
    1.0062111801242237,
    1.0062111801242237,
    1.0062111801242237,
    1.0062111801242237,
    1.0062111801242237,
    1.0062111801242237,
    1.0062111801242237,
    1.0062111801242237,
    1.0062111801242237,
    1.0062111801242237,
    1.0062111801242237,
    1.0062111801242237,
    1.0062111801242237,
    1.0062111801242237,
    1.0062111801242237,
    1.0062111801242237,
    1.0062111801242237,
    1.0062111801242237,
    1.0062111801242237,
    1.0062111801242237,
    0.33540372670807456,
    0.33540372670807456,
    0.33540372670807456,
    0.33540372670807456,
    0.33540372670807456,
    0.33540372670807456,
    0.33540372670807456,
    0.33540372670807456,
    0.33540372670807456,
    0.33540372670807456,
    0.33540372670807456,
    0.33540372670807456,
    0.33540372670807456,
    0.33540372670807456,
    0.33540372670807456,
    0.33540372670807456,
    0.33540372670807456,
    0.33540372670807456,
    0.33540372670807456,
    0.33540372670807456
  ]
}